"","PossibleRelationID","Mutation","Number"
"1","3","M41L","2"
"2","3","D67N","2"
"3","3","L210W","2"
"4","3","T215A/C/D/E/G/H/I/L/N/S/V/Y/F","2"
"5","5","M41L","3"
"6","5","E44D","3"
"7","5","D67N","3"
"8","5","T69D/N/S","3"
"9","5","L74V/I","3"
"10","5","L210W","3"
"11","5","T215A/C/D/E/G/H/I/L/N/S/V/Y/F","3"
"12","7","L10F/I/R/V","3"
"13","7","K20M/R","3"
"14","7","L24I","3"
"15","7","L33F","3"
"16","7","M46I/L","3"
"17","7","I50V","3"
"18","7","F53L","3"
"19","7","I54M/L/T/V","3"
"20","7","L63P","3"
"21","7","A71I/L/V/T","3"
"22","7","V82A/F/S/T","3"
"23","7","I84V","3"
"24","7","L90M","3"
"25","8","L10F/I/V","2"
"26","8","G16E","2"
"27","8","L33F/I/V","2"
"28","8","M46I/L","2"
"29","8","D60E","2"
"30","8","A71V/T","2"
"31","8","I84V","2"
"32","8","I85V","2"
"33","8","L90M","2"
"34","9","V11I","3"
"35","9","V32I","3"
"36","9","L33F","3"
"37","9","I47V","3"
"38","9","I50V","3"
"39","9","I54L/M","3"
"40","9","T74P","3"
"41","9","L76V","3"
"42","9","I84V","3"
"43","9","L89V","3"
"44","12","V90I","2"
"45","12","A98G","2"
"46","12","L100I","2"
"47","12","K101E/H/I/P/R","2"
"48","12","V106I","2"
"49","12","V179D/F/I/L/M/T","2"
"50","12","G190A/S","2"
"51","12","M230L","2"
"52","15","A98G","2"
"53","15","L100I","2"
"54","15","K101E","2"
"55","15","V106I","2"
"56","15","E138K","2"
"57","15","Y181C/V","2"
"58","15","G190A","2"
"59","15","H221Y","2"
"60","22","L74M","3"
"61","22","E92Q","3"
"62","22","T97A","3"
"63","22","S147G","3"
"64","26","Q148H/K/R","2"
"65","26","L74I","2"
"66","26","E138A/K/T","2"
"67","26","G140A/C/S","2"
"68","27","L74I/M","4"
"69","27","T97A","4"
"70","27","E138K","4"
"71","27","S147G","4"
"72","27","N155H","4"
"73","29","L74M","3"
"74","29","E92Q","3"
"75","29","T97A","3"
"76","29","S147G","3"
"77","31","L74M","3"
"78","31","E92Q","3"
"79","31","T97A","3"
"80","31","S147G","3"
"81","36","D67N","2"
"82","36","K70N/R","2"
"83","36","M184V/I","2"
"84","36","S215A/C/F/L/Y","2"
"85","39","V62A","2"
"86","39","L99F","2"
"87","40","I82F","1"
"88","40","I84V","1"
"89","40","L90M","1"
"90","41","I84V","1"
"91","41","L90M","1"
"92","51","T97A","2"
"93","51","Y143C","2"
"94","55","T97A","2"
"95","55","Y143C","2"
"96","59","T97A","2"
"97","59","Y143C","2"
