"","PossibleRelationID","TreatmentName","Mutation","At_Least","Treatment_Target"
"1","1","Zidovudine","","FALSE","Nucleoside and nucleotide reverse transcriptase inhibitors"
"2","2","Lamivudine/Emtricitabine","Q151M","FALSE","Nucleoside and nucleotide reverse transcriptase inhibitors"
"3","3","Abacavir","2(M41L,D67N,L210W,T215A/C/D/E/G/H/I/L/N/S/V/Y/F)","TRUE","Nucleoside and nucleotide reverse transcriptase inhibitors"
"4","4","Abacavir","M184V/I","FALSE","Nucleoside and nucleotide reverse transcriptase inhibitors"
"5","5","Tenofovir/Tenofovir alafenamide","3(M41L,E44D,D67N,T69D/N/S,L74V/I,L210W,T215A/C/D/E/G/H/I/L/N/S/V/Y/F)","TRUE","Nucleoside and nucleotide reverse transcriptase inhibitors"
"6","6","Islatravir","A114S","FALSE","Nucleoside and nucleotide reverse transcriptase inhibitors"
"7","7","Lopinavir/r","3(L10F/I/R/V,K20M/R,L24I,L33F,M46I/L,I50V,F53L,I54M/L/T/V,L63P,A71I/L/V/T,V82A/F/S/T,I84V,L90M)","TRUE","Protease inhibitors"
"8","8","Atazanavir/Ritonavir300/100mgQD","2(L10F/I/V,G16E,L33F/I/V,M46I/L,D60E,A71V/T,I84V,I85V,L90M)","TRUE","Protease inhibitors"
"9","9","Darunavir/Ritonavir600/100mgBID800/100mgQD","3(V11I,V32I,L33F,I47V,I50V,I54L/M,T74P,L76V,I84V,L89V)","TRUE","Protease inhibitors"
"10","10","Efavirenz","","FALSE","Non nucleoside reverse transcriptase inhibitors"
"11","11","Nevirapine","E138K","FALSE","Non nucleoside reverse transcriptase inhibitors"
"12","12","Etravirine","2(V90I,A98G,L100I,K101E/H/I/P/R,V106I,V179D/F/I/L/M/T,G190A/S,M230L)","TRUE","Non nucleoside reverse transcriptase inhibitors"
"13","13","Etravirine","E138A/G/Q/R/S","FALSE","Non nucleoside reverse transcriptase inhibitors"
"14","14","Rilpivirine","A98G","FALSE","Non nucleoside reverse transcriptase inhibitors"
"15","15","Doravirine","2(A98G,L100I,K101E,V106I,E138K,Y181C/V,G190A,H221Y)","TRUE","Non nucleoside reverse transcriptase inhibitors"
"16","16","Doravirine","F227L/R","FALSE","Non nucleoside reverse transcriptase inhibitors"
"17","17","ENF

T20","","FALSE","Fusion inhibitor"
"18","18","Fostemsavir","","FALSE","Resistance attachment inhibitor"
"19","19","Raltegravir","","FALSE","Integrase strand transfer inhibitor"
"20","20","Elvitegravir","","FALSE","Integrase strand transfer inhibitor"
"21","21","Dolutegravir50mgQD","T66K","FALSE","Integrase strand transfer inhibitor"
"22","22","Dolutegravir50mgQD","3(L74M,E92Q,T97A,S147G)","TRUE","Integrase strand transfer inhibitor"
"23","23","Dolutegravir50mgQD","","FALSE","Integrase strand transfer inhibitor"
"24","24","Dolutegravir50mgQD","","FALSE","Integrase strand transfer inhibitor"
"25","25","Dolutegravir50mgBID","T66K","FALSE","Integrase strand transfer inhibitor"
"26","26","Dolutegravir50mgBID","2(Q148H/K/R,1(L74I,E138A/K/T,G140A/C/S))","TRUE","Integrase strand transfer inhibitor"
"27","27","Dolutegravir50mgBID","4(L74I/M,T97A,E138K,S147G,N155H)","TRUE","Integrase strand transfer inhibitor"
"28","28","Cabotegravir","T66K","FALSE","Integrase strand transfer inhibitor"
"29","29","Cabotegravir","3(L74M,E92Q,T97A,S147G)","TRUE","Integrase strand transfer inhibitor"
"30","30","Bictegravir","T66K","FALSE","Integrase strand transfer inhibitor"
"31","31","Bictegravir","3(L74M,E92Q,T97A,S147G)","TRUE","Integrase strand transfer inhibitor"
"32","32","Bictegravir","","FALSE","Integrase strand transfer inhibitor"
"33","33","Bictegravir","","FALSE","Integrase strand transfer inhibitor"
"34","34","Zidovudine","S215A/C/F/L/Y","FALSE","Hiv-2"
"35","35","Lamivudine/Emtricitabine","K65R","FALSE","Hiv-2"
"36","36","Abacavir","2(D67N,K70N/R,M184V/I,S215A/C/F/L/Y)","TRUE","Hiv-2"
"37","37","Tenofovir/Tenofovir alafenamide","","FALSE","Hiv-2"
"38","38","","Mutationsassociatedwith«possibleresistance»","FALSE","Hiv-2"
"39","39","Lopinavir","2(V62A,L99F)","TRUE","Hiv-2"
"40","40","Lopinavir","1(I82F,I84V,L90M)","TRUE","Hiv-2"
"41","41","Darunavir","1(I84V,L90M)","TRUE","Hiv-2"
"42","42","","Mutationsassociatedwith«possibleresistance»","FALSE","Hiv-2"
"43","43","Raltegravir","E92Q","FALSE","Hiv-2"
"44","44","Raltegravir","Y143C/G/R","FALSE","Hiv-2"
"45","45","Raltegravir","G118R","FALSE","Hiv-2"
"46","46","Raltegravir","R263K","FALSE","Hiv-2"
"47","47","Elvitegravir","Y143C","FALSE","Hiv-2"
"48","48","Dolutegravir","Q148R/H","FALSE","Hiv-2"
"49","49","Dolutegravir","N155H","FALSE","Hiv-2"
"50","50","Dolutegravir","E92Q","FALSE","Hiv-2"
"51","51","Dolutegravir","2(T97A,Y143C)","TRUE","Hiv-2"
"52","52","Cabotegravir","Q148R/H","FALSE","Hiv-2"
"53","53","Cabotegravir","N155H","FALSE","Hiv-2"
"54","54","Cabotegravir","E92Q","FALSE","Hiv-2"
"55","55","Cabotegravir","2(T97A,Y143C)","TRUE","Hiv-2"
"56","56","Bictegravir","Q148R/H","FALSE","Hiv-2"
"57","57","Bictegravir","N155H","FALSE","Hiv-2"
"58","58","Bictegravir","E92Q","FALSE","Hiv-2"
"59","59","Bictegravir","2(T97A,Y143C)","TRUE","Hiv-2"
"60","60","Bictegravir","Insertionatcodon231","FALSE","Hiv-2"
"61","61","NaturallyresistanttoallNNRTI","NaturallyresistanttoallNNRTI","FALSE","Hiv-2"
"62","62","Naturallyresistanttoenfuvirtide","Naturallyresistanttoenfuvirtide","FALSE","Hiv-2"
"63","63","Naturallyresistanttofostemsavir","Naturallyresistanttofostemsavir","FALSE","Hiv-2"
"64","64","","Mutationsassociatedwith«possibleresistance»","FALSE","Hiv-2"
"65","65","Lenacapavir","Q66H","FALSE","Hiv-2"
"66","66","Lenacapavir","R69K","FALSE","Hiv-2"
"67","67","Lenacapavir","A76V","FALSE","Hiv-2"
"68","68","Lenacapavir","","FALSE","Capsid inhibitors"
