"","RelationID","Mutation","Number"
"1","2","M41L","3"
"2","2","D67N","3"
"3","2","K70R","3"
"4","2","L210W","3"
"5","2","K219Q/E","3"
"6","8","M41L","3"
"7","8","D67N","3"
"8","8","M184V/I","3"
"9","8","L210W","3"
"10","8","T215A/C/D/E/G/H/I/L/N/S/V/Y/F","3"
"11","14","M41L","4"
"12","14","E44D","4"
"13","14","D67N","4"
"14","14","T69D/N/S","4"
"15","14","L74V/I","4"
"16","14","L210W","4"
"17","14","T215A/C/D/E/G/H/I/L/N/S/V/Y/F","4"
"18","19","L10F/I/R/V","4"
"19","19","K20M/R","4"
"20","19","L24I","4"
"21","19","L33F","4"
"22","19","M46I/L","4"
"23","19","I50V","4"
"24","19","F53L","4"
"25","19","I54M/L/T/V","4"
"26","19","L63P","4"
"27","19","A71I/L/V/T","4"
"28","19","V82A/F/S/T","4"
"29","19","I84V","4"
"30","19","L90M","4"
"31","24","L10F/I/V","3"
"32","24","G16E","3"
"33","24","L33F/I/V","3"
"34","24","M46I/L","3"
"35","24","D60E","3"
"36","24","A71V/T","3"
"37","24","I84V","3"
"38","24","I85V","3"
"39","24","L90M","3"
"40","25","V11I","4"
"41","25","V32I","4"
"42","25","L33F","4"
"43","25","I47V","4"
"44","25","I50V","4"
"45","25","I54L/M","4"
"46","25","T74P","4"
"47","25","L76V","4"
"48","25","I84V","4"
"49","25","L89V","4"
"50","26","V11I","2"
"51","26","V32I","2"
"52","26","L33F","2"
"53","26","I47V","2"
"54","26","I50V","2"
"55","26","I54L/M","2"
"56","26","T74P","2"
"57","26","L76V","2"
"58","26","I84V","2"
"59","26","L89V","2"
"60","46","V90I","3"
"61","46","A98G","3"
"62","46","L100I","3"
"63","46","K101E/H/I/P/R","3"
"64","46","V106I","3"
"65","46","V179D/F/I/L/M/T","3"
"66","46","G190A/S","3"
"67","46","M230L","3"
"68","58","L100I","2"
"69","58","K103N/S","2"
"70","59","L100I","3"
"71","59","K103R","3"
"72","59","V179D","3"
"73","64","L100I","2"
"74","64","K103N","2"
"75","65","K103N","2"
"76","65","Y181C","2"
"77","66","K103N","2"
"78","66","P225H","2"
"79","68","A98G","4"
"80","68","L100I","4"
"81","68","K101E","4"
"82","68","V106I","4"
"83","68","E138K","4"
"84","68","Y181C/V","4"
"85","68","G190A","4"
"86","68","H221Y","4"
"87","76","S375H/I/M/N/T","1"
"88","76","M426L/P","1"
"89","76","M434I/K","1"
"90","76","M475I","1"
"91","90","L74F/I","2"
"92","90","V75I","2"
"93","109","L74F/I","2"
"94","109","V75I","2"
"95","121","T66K","2"
"96","121","L74M","2"
"97","122","L74I","2"
"98","122","E92Q","2"
"99","129","T66K","2"
"100","129","L74M","2"
"101","130","E92Q","2"
"102","130","N155H","2"
"103","131","Q148H/K/R","2"
"104","131","L74I","2"
"105","131","T97A","2"
"106","131","E138A/K/T","2"
"107","131","G140A/C/S","2"
"108","132","Q148H/K/R","2"
"109","132","N155H","2"
"110","144","T66K","2"
"111","144","L74M","2"
"112","145","L74I","2"
"113","145","E92Q","2"
"114","157","T66K","2"
"115","157","L74M","2"
"116","158","L74I","2"
"117","158","E92Q","2"
"118","160","S215A/C/F/L/Y","2"
"119","160","mongK65R","2"
"120","160","N69S/T","2"
"121","160","K70R","2"
"122","160","Y115F","2"
"123","160","K223R","2"
"124","164","M184I/V","2"
"125","164","L74V","2"
"126","164","Y115F","2"
"127","166","Q151M","2"
"128","166","V111I","2"
"129","168","I82F","2"
"130","168","I84V","2"
"131","168","L90M","2"
"132","173","I84V","2"
"133","173","L90M","2"
"134","177","E92Q","2"
"135","177","T97A","2"
"136","178","Y143C/G/R","2"
"137","178","E92Q","2"
"138","178","T97A","2"
"139","183","T97A","2"
"140","183","Y143C","2"
"141","188","G140S","2"
"142","188","Q148R/H","2"
"143","189","E92Q","2"
"144","189","N155H","2"
"145","190","T97A","2"
"146","190","N155H","2"
"147","195","G140S","2"
"148","195","Q148R/H","2"
"149","196","E92Q","2"
"150","196","N155H","2"
"151","197","T97A","2"
"152","197","N155H","2"
"153","202","G140S","2"
"154","202","Q148R/H","2"
"155","203","E92Q","2"
"156","203","N155H","2"
"157","204","T97A","2"
"158","204","N155H","2"
