"","RelationID","TreatmentName","Mutation","At_Least","Treatment_Target"
"1","1","Zidovudine","T215A/C/D/E/G/H/I/L/N/S/V/Y/F","FALSE","Nucleoside and nucleotide reverse transcriptase inhibitors"
"2","2","Zidovudine","3(M41L,D67N,K70R,L210W,K219Q/E)","TRUE","Nucleoside and nucleotide reverse transcriptase inhibitors"
"3","3","Zidovudine","Q151M","FALSE","Nucleoside and nucleotide reverse transcriptase inhibitors"
"4","4","Zidovudine","Insertionatcodon69","FALSE","Nucleoside and nucleotide reverse transcriptase inhibitors"
"5","5","Lamivudine/Emtricitabine","K65R","FALSE","Nucleoside and nucleotide reverse transcriptase inhibitors"
"6","6","Lamivudine/Emtricitabine","M184V/I","FALSE","Nucleoside and nucleotide reverse transcriptase inhibitors"
"7","7","Lamivudine/Emtricitabine","Insertionatcodon69","FALSE","Nucleoside and nucleotide reverse transcriptase inhibitors"
"8","8","Abacavir","3(M41L,D67N,M184V/I,L210W,T215A/C/D/E/G/H/I/L/N/S/V/Y/F)","TRUE","Nucleoside and nucleotide reverse transcriptase inhibitors"
"9","9","Abacavir","K65R","FALSE","Nucleoside and nucleotide reverse transcriptase inhibitors"
"10","10","Abacavir","L74V/I","FALSE","Nucleoside and nucleotide reverse transcriptase inhibitors"
"11","11","Abacavir","Y115F","FALSE","Nucleoside and nucleotide reverse transcriptase inhibitors"
"12","12","Abacavir","Q151M","FALSE","Nucleoside and nucleotide reverse transcriptase inhibitors"
"13","13","Abacavir","Insertionatcodon69","FALSE","Nucleoside and nucleotide reverse transcriptase inhibitors"
"14","14","Tenofovir/Tenofovir alafenamide","4(M41L,E44D,D67N,T69D/N/S,L74V/I,L210W,T215A/C/D/E/G/H/I/L/N/S/V/Y/F)","TRUE","Nucleoside and nucleotide reverse transcriptase inhibitors"
"15","15","Tenofovir/Tenofovir alafenamide","K65R/E/N","FALSE","Nucleoside and nucleotide reverse transcriptase inhibitors"
"16","16","Tenofovir/Tenofovir alafenamide","Insertionatcodon69","FALSE","Nucleoside and nucleotide reverse transcriptase inhibitors"
"17","17","Tenofovir/Tenofovir alafenamide","K70E","FALSE","Nucleoside and nucleotide reverse transcriptase inhibitors"
"18","18","Islatravir","M184V/I","FALSE","Nucleoside and nucleotide reverse transcriptase inhibitors"
"19","19","Lopinavir/r","4(L10F/I/R/V,K20M/R,L24I,L33F,M46I/L,I50V,F53L,I54M/L/T/V,L63P,A71I/L/V/T,V82A/F/S/T,I84V,L90M)","TRUE","Protease inhibitors"
"20","20","Lopinavir/r","I47A","FALSE","Protease inhibitors"
"21","21","Lopinavir/r","L76V","FALSE","Protease inhibitors"
"22","22","Atazanavir/Ritonavir300/100mgQD","I50L","FALSE","Protease inhibitors"
"23","23","Atazanavir/Ritonavir300/100mgQD","N88S","FALSE","Protease inhibitors"
"24","24","Atazanavir/Ritonavir300/100mgQD","3(L10F/I/V,G16E,L33F/I/V,M46I/L,D60E,A71V/T,I84V,I85V,L90M)","TRUE","Protease inhibitors"
"25","25","Darunavir/Ritonavir600/100mgBID800/100mgQD","4(V11I,V32I,L33F,I47V,I50V,I54L/M,T74P,L76V,I84V,L89V)","TRUE","Protease inhibitors"
"26","26","Darunavir/Ritonavir600/100mgBID800/100mgQD","2(V11I,V32I,L33F,I47V,I50V,I54L/M,T74P,L76V,I84V,L89V)","TRUE","Protease inhibitors"
"27","27","Efavirenz","L100I","FALSE","Non nucleoside reverse transcriptase inhibitors"
"28","28","Efavirenz","K101E","FALSE","Non nucleoside reverse transcriptase inhibitors"
"29","29","Efavirenz","K103H/N/S/T","FALSE","Non nucleoside reverse transcriptase inhibitors"
"30","30","Efavirenz","V106M","FALSE","Non nucleoside reverse transcriptase inhibitors"
"31","31","Efavirenz","E138K","FALSE","Non nucleoside reverse transcriptase inhibitors"
"32","32","Efavirenz","Y181C/I","FALSE","Non nucleoside reverse transcriptase inhibitors"
"33","33","Efavirenz","Y188C/L","FALSE","Non nucleoside reverse transcriptase inhibitors"
"34","34","Efavirenz","G190A/C/E/Q/S/T/V","FALSE","Non nucleoside reverse transcriptase inhibitors"
"35","35","Efavirenz","P225H","FALSE","Non nucleoside reverse transcriptase inhibitors"
"36","36","Efavirenz","M230L","FALSE","Non nucleoside reverse transcriptase inhibitors"
"37","37","Nevirapine","A98S(forHIV-1subtypeConly)","FALSE","Non nucleoside reverse transcriptase inhibitors"
"38","38","Nevirapine","L100I","FALSE","Non nucleoside reverse transcriptase inhibitors"
"39","39","Nevirapine","K101E","FALSE","Non nucleoside reverse transcriptase inhibitors"
"40","40","Nevirapine","K103H/N/S/T","FALSE","Non nucleoside reverse transcriptase inhibitors"
"41","41","Nevirapine","V106A/M","FALSE","Non nucleoside reverse transcriptase inhibitors"
"42","42","Nevirapine","Y181C/I","FALSE","Non nucleoside reverse transcriptase inhibitors"
"43","43","Nevirapine","Y188C/H/L","FALSE","Non nucleoside reverse transcriptase inhibitors"
"44","44","Nevirapine","G190A/C/E/Q/S/T/V","FALSE","Non nucleoside reverse transcriptase inhibitors"
"45","45","Nevirapine","M230L","FALSE","Non nucleoside reverse transcriptase inhibitors"
"46","46","Etravirine","3(V90I,A98G,L100I,K101E/H/I/P/R,V106I,V179D/F/I/L/M/T,G190A/S,M230L)","TRUE","Non nucleoside reverse transcriptase inhibitors"
"47","47","Etravirine","E138K","FALSE","Non nucleoside reverse transcriptase inhibitors"
"48","48","Etravirine","Y181C/I/V","FALSE","Non nucleoside reverse transcriptase inhibitors"
"49","49","Etravirine","H221Y","FALSE","Non nucleoside reverse transcriptase inhibitors"
"50","50","Rilpivirine","K101E/P","FALSE","Non nucleoside reverse transcriptase inhibitors"
"51","51","Rilpivirine","E138A/G/K/Q/R/S","FALSE","Non nucleoside reverse transcriptase inhibitors"
"52","52","Rilpivirine","V179L","FALSE","Non nucleoside reverse transcriptase inhibitors"
"53","53","Rilpivirine","Y181C/I/V","FALSE","Non nucleoside reverse transcriptase inhibitors"
"54","54","Rilpivirine","Y188L","FALSE","Non nucleoside reverse transcriptase inhibitors"
"55","55","Rilpivirine","F227C","FALSE","Non nucleoside reverse transcriptase inhibitors"
"56","56","Rilpivirine","H221Y","FALSE","Non nucleoside reverse transcriptase inhibitors"
"57","57","Rilpivirine","M230I/L/V","FALSE","Non nucleoside reverse transcriptase inhibitors"
"58","58","Rilpivirine","2(L100I,K103N/S)","TRUE","Non nucleoside reverse transcriptase inhibitors"
"59","59","Rilpivirine","3(L100I,K103R,V179D)","TRUE","Non nucleoside reverse transcriptase inhibitors"
"60","60","Doravirine","V106A/M","FALSE","Non nucleoside reverse transcriptase inhibitors"
"61","61","Doravirine","Y188L","FALSE","Non nucleoside reverse transcriptase inhibitors"
"62","62","Doravirine","G190E/S","FALSE","Non nucleoside reverse transcriptase inhibitors"
"63","63","Doravirine","M230L","FALSE","Non nucleoside reverse transcriptase inhibitors"
"64","64","Doravirine","2(L100I,K103N)","TRUE","Non nucleoside reverse transcriptase inhibitors"
"65","65","Doravirine","2(K103N,Y181C)","TRUE","Non nucleoside reverse transcriptase inhibitors"
"66","66","Doravirine","2(K103N,P225H)","TRUE","Non nucleoside reverse transcriptase inhibitors"
"67","67","Doravirine","F227C","FALSE","Non nucleoside reverse transcriptase inhibitors"
"68","68","Doravirine","4(A98G,L100I,K101E,V106I,E138K,Y181C/V,G190A,H221Y)","TRUE","Non nucleoside reverse transcriptase inhibitors"
"69","69","ENF

T20","G36A/D/E/S/V","FALSE","Fusion inhibitor"
"70","70","ENF

T20","V38A/E/K/M","FALSE","Fusion inhibitor"
"71","71","ENF

T20","Q40H/K/P/T","FALSE","Fusion inhibitor"
"72","72","ENF

T20","N42D/T","FALSE","Fusion inhibitor"
"73","73","ENF

T20","N43D/H/K/S","FALSE","Fusion inhibitor"
"74","74","ENF

T20","L44M","FALSE","Fusion inhibitor"
"75","75","ENF

T20","L45Q/M","FALSE","Fusion inhibitor"
"76","76","Fostemsavir","1(S375H/I/M/N/T,M426L/P,M434I/K,M475I)","TRUE","Resistance attachment inhibitor"
"77","77","Raltegravir","T66A/K","FALSE","Integrase strand transfer inhibitor"
"78","78","Raltegravir","E92Q","FALSE","Integrase strand transfer inhibitor"
"79","79","Raltegravir","G118R","FALSE","Integrase strand transfer inhibitor"
"80","80","Raltegravir","F121Y","FALSE","Integrase strand transfer inhibitor"
"81","81","Raltegravir","G140A/S","FALSE","Integrase strand transfer inhibitor"
"82","82","Raltegravir","Y143A/C/G/H/R/S","FALSE","Integrase strand transfer inhibitor"
"83","83","Raltegravir","N144D","FALSE","Integrase strand transfer inhibitor"
"84","84","Raltegravir","Q148E/G/H/K/R","FALSE","Integrase strand transfer inhibitor"
"85","85","Raltegravir","V151L","FALSE","Integrase strand transfer inhibitor"
"86","86","Raltegravir","N155H/S/T","FALSE","Integrase strand transfer inhibitor"
"87","87","Raltegravir","E157Q","FALSE","Integrase strand transfer inhibitor"
"88","88","Raltegravir","S230R","FALSE","Integrase strand transfer inhibitor"
"89","89","Raltegravir","R263K","FALSE","Integrase strand transfer inhibitor"
"90","90","Raltegravir","2(L74F/I,V75I)","TRUE","Integrase strand transfer inhibitor"
"91","91","Elvitegravir","T66A/I/K","FALSE","Integrase strand transfer inhibitor"
"92","92","Elvitegravir","E92Q","FALSE","Integrase strand transfer inhibitor"
"93","93","Elvitegravir","T97A","FALSE","Integrase strand transfer inhibitor"
"94","94","Elvitegravir","G118R","FALSE","Integrase strand transfer inhibitor"
"95","95","Elvitegravir","F121Y","FALSE","Integrase strand transfer inhibitor"
"96","96","Elvitegravir","E138K","FALSE","Integrase strand transfer inhibitor"
"97","97","Elvitegravir","G140A/C/S","FALSE","Integrase strand transfer inhibitor"
"98","98","Elvitegravir","Y143A/C/G/H/R/S","FALSE","Integrase strand transfer inhibitor"
"99","99","Elvitegravir","N144D","FALSE","Integrase strand transfer inhibitor"
"100","100","Elvitegravir","P145S","FALSE","Integrase strand transfer inhibitor"
"101","101","Elvitegravir","S147G","FALSE","Integrase strand transfer inhibitor"
"102","102","Elvitegravir","Q148E/G/H/K/R","FALSE","Integrase strand transfer inhibitor"
"103","103","Elvitegravir","V151L","FALSE","Integrase strand transfer inhibitor"
"104","104","Elvitegravir","N155H/S/T","FALSE","Integrase strand transfer inhibitor"
"105","105","Elvitegravir","E157Q","FALSE","Integrase strand transfer inhibitor"
"106","106","Elvitegravir","S230R","FALSE","Integrase strand transfer inhibitor"
"107","107","Elvitegravir","R263K","FALSE","Integrase strand transfer inhibitor"
"108","108","Elvitegravir","","FALSE","Integrase strand transfer inhibitor"
"109","109","Elvitegravir","2(L74F/I,V75I)","TRUE","Integrase strand transfer inhibitor"
"110","110","Dolutegravir50mgQD","G118R","FALSE","Integrase strand transfer inhibitor"
"111","111","Dolutegravir50mgQD","F121Y","FALSE","Integrase strand transfer inhibitor"
"112","112","Dolutegravir50mgQD","E138A/K/T","FALSE","Integrase strand transfer inhibitor"
"113","113","Dolutegravir50mgQD","G140A/C/S","FALSE","Integrase strand transfer inhibitor"
"114","114","Dolutegravir50mgQD","N144D","FALSE","Integrase strand transfer inhibitor"
"115","115","Dolutegravir50mgQD","Q148H/K/R","FALSE","Integrase strand transfer inhibitor"
"116","116","Dolutegravir50mgQD","V151L","FALSE","Integrase strand transfer inhibitor"
"117","117","Dolutegravir50mgQD","S153F/Y","FALSE","Integrase strand transfer inhibitor"
"118","118","Dolutegravir50mgQD","N155H","FALSE","Integrase strand transfer inhibitor"
"119","119","Dolutegravir50mgQD","S230R","FALSE","Integrase strand transfer inhibitor"
"120","120","Dolutegravir50mgQD","R263K","FALSE","Integrase strand transfer inhibitor"
"121","121","Dolutegravir50mgQD","2(T66K,L74M)","TRUE","Integrase strand transfer inhibitor"
"122","122","Dolutegravir50mgQD","2(L74I,E92Q)","TRUE","Integrase strand transfer inhibitor"
"123","123","Dolutegravir50mgBID","G118R","FALSE","Integrase strand transfer inhibitor"
"124","124","Dolutegravir50mgBID","F121Y","FALSE","Integrase strand transfer inhibitor"
"125","125","Dolutegravir50mgBID","N144D","FALSE","Integrase strand transfer inhibitor"
"126","126","Dolutegravir50mgBID","V151L","FALSE","Integrase strand transfer inhibitor"
"127","127","Dolutegravir50mgBID","S153F/Y","FALSE","Integrase strand transfer inhibitor"
"128","128","Dolutegravir50mgBID","R263K","FALSE","Integrase strand transfer inhibitor"
"129","129","Dolutegravir50mgBID","2(T66K,L74M)","TRUE","Integrase strand transfer inhibitor"
"130","130","Dolutegravir50mgBID","2(E92Q,N155H)","TRUE","Integrase strand transfer inhibitor"
"131","131","Dolutegravir50mgBID","2(Q148H/K/R,2(L74I,T97A,E138A/K/T,G140A/C/S))","TRUE","Integrase strand transfer inhibitor"
"132","132","Dolutegravir50mgBID","2(Q148H/K/R,N155H)","TRUE","Integrase strand transfer inhibitor"
"133","133","Cabotegravir","G118R","FALSE","Integrase strand transfer inhibitor"
"134","134","Cabotegravir","F121Y","FALSE","Integrase strand transfer inhibitor"
"135","135","Cabotegravir","E138A/K/T","FALSE","Integrase strand transfer inhibitor"
"136","136","Cabotegravir","G140A/C/R/S","FALSE","Integrase strand transfer inhibitor"
"137","137","Cabotegravir","N144D","FALSE","Integrase strand transfer inhibitor"
"138","138","Cabotegravir","Q148H/K/R","FALSE","Integrase strand transfer inhibitor"
"139","139","Cabotegravir","V151L","FALSE","Integrase strand transfer inhibitor"
"140","140","Cabotegravir","S153F/Y","FALSE","Integrase strand transfer inhibitor"
"141","141","Cabotegravir","N155H","FALSE","Integrase strand transfer inhibitor"
"142","142","Cabotegravir","S230R","FALSE","Integrase strand transfer inhibitor"
"143","143","Cabotegravir","R263K","FALSE","Integrase strand transfer inhibitor"
"144","144","Cabotegravir","2(T66K,L74M)","TRUE","Integrase strand transfer inhibitor"
"145","145","Cabotegravir","2(L74I,E92Q)","TRUE","Integrase strand transfer inhibitor"
"146","146","Bictegravir","G118R","FALSE","Integrase strand transfer inhibitor"
"147","147","Bictegravir","F121Y","FALSE","Integrase strand transfer inhibitor"
"148","148","Bictegravir","E138A/K/T","FALSE","Integrase strand transfer inhibitor"
"149","149","Bictegravir","G140A/C/S","FALSE","Integrase strand transfer inhibitor"
"150","150","Bictegravir","N144D","FALSE","Integrase strand transfer inhibitor"
"151","151","Bictegravir","Q148H/K/R","FALSE","Integrase strand transfer inhibitor"
"152","152","Bictegravir","V151L","FALSE","Integrase strand transfer inhibitor"
"153","153","Bictegravir","S153F/Y","FALSE","Integrase strand transfer inhibitor"
"154","154","Bictegravir","N155H","FALSE","Integrase strand transfer inhibitor"
"155","155","Bictegravir","S230R","FALSE","Integrase strand transfer inhibitor"
"156","156","Bictegravir","R263K","FALSE","Integrase strand transfer inhibitor"
"157","157","Bictegravir","2(T66K,L74M)","TRUE","Integrase strand transfer inhibitor"
"158","158","Bictegravir","2(L74I,E92Q)","TRUE","Integrase strand transfer inhibitor"
"159","159","Zidovudine","Q151M","FALSE","Hiv-2"
"160","160","Zidovudine","2(S215A/C/F/L/Y,1(mongK65R,N69S/T,K70R,Y115F,K223R))","TRUE","Hiv-2"
"161","161","Lamivudine/Emtricitabine","M184I/V","FALSE","Hiv-2"
"162","162","Abacavir","K65R","FALSE","Hiv-2"
"163","163","Abacavir","Q151M","FALSE","Hiv-2"
"164","164","Abacavir","2(M184I/V,1(L74V,Y115F))","TRUE","Hiv-2"
"165","165","Tenofovir/Tenofovir alafenamide","K65R","FALSE","Hiv-2"
"166","166","Tenofovir/Tenofovir alafenamide","2(Q151M,V111I)","TRUE","Hiv-2"
"167","167","","Mutationsassociatedwithresistance","FALSE","Hiv-2"
"168","168","Lopinavir","2(I82F,I84V,L90M)","TRUE","Hiv-2"
"169","169","Lopinavir","I54M","FALSE","Hiv-2"
"170","170","Lopinavir","V47A","FALSE","Hiv-2"
"171","171","Darunavir","I50V","FALSE","Hiv-2"
"172","172","Darunavir","I54M","FALSE","Hiv-2"
"173","173","Darunavir","2(I84V,L90M)","TRUE","Hiv-2"
"174","174","","Mutationsassociatedwithresistance","FALSE","Hiv-2"
"175","175","Raltegravir","N155H/R","FALSE","Hiv-2"
"176","176","Raltegravir","Q148K/R/H","FALSE","Hiv-2"
"177","177","Raltegravir","2(E92Q,T97A)","TRUE","Hiv-2"
"178","178","Raltegravir","2(Y143C/G/R,1(E92Q,T97A))","TRUE","Hiv-2"
"179","179","Raltegravir","Insertionatcodon231","FALSE","Hiv-2"
"180","180","Elvitegravir","E92G/Q","FALSE","Hiv-2"
"181","181","Elvitegravir","Q148K/R/H","FALSE","Hiv-2"
"182","182","Elvitegravir","N155H","FALSE","Hiv-2"
"183","183","Elvitegravir","2(T97A,Y143C)","TRUE","Hiv-2"
"184","184","Elvitegravir","Insertionatcodon231","FALSE","Hiv-2"
"185","185","Elvitegravir","G118R","FALSE","Hiv-2"
"186","186","Elvitegravir","R263K","FALSE","Hiv-2"
"187","187","Dolutegravir","Q148K","FALSE","Hiv-2"
"188","188","Dolutegravir","2(G140S,Q148R/H)","TRUE","Hiv-2"
"189","189","Dolutegravir","2(E92Q,N155H)","TRUE","Hiv-2"
"190","190","Dolutegravir","2(T97A,N155H)","TRUE","Hiv-2"
"191","191","Dolutegravir","Insertionatcodon231","FALSE","Hiv-2"
"192","192","Dolutegravir","G118R","FALSE","Hiv-2"
"193","193","Dolutegravir","R263K","FALSE","Hiv-2"
"194","194","Cabotegravir","Q148K","FALSE","Hiv-2"
"195","195","Cabotegravir","2(G140S,Q148R/H)","TRUE","Hiv-2"
"196","196","Cabotegravir","2(E92Q,N155H)","TRUE","Hiv-2"
"197","197","Cabotegravir","2(T97A,N155H)","TRUE","Hiv-2"
"198","198","Cabotegravir","Insertionatcodon231","FALSE","Hiv-2"
"199","199","Cabotegravir","G118R","FALSE","Hiv-2"
"200","200","Cabotegravir","R263K","FALSE","Hiv-2"
"201","201","Bictegravir","Q148K","FALSE","Hiv-2"
"202","202","Bictegravir","2(G140S,Q148R/H)","TRUE","Hiv-2"
"203","203","Bictegravir","2(E92Q,N155H)","TRUE","Hiv-2"
"204","204","Bictegravir","2(T97A,N155H)","TRUE","Hiv-2"
"205","205","Bictegravir","G118R","FALSE","Hiv-2"
"206","206","Bictegravir","R263K","FALSE","Hiv-2"
"207","207","NaturallyresistanttoallNNRTI","https://hivfrenchresistance.org/hiv-french-resitance-hiv-2/","FALSE","Hiv-2"
"208","208","Naturallyresistanttoenfuvirtide","https://hivfrenchresistance.org/hiv-french-resitance-hiv-2/","FALSE","Hiv-2"
"209","209","Naturallyresistanttofostemsavir","https://hivfrenchresistance.org/hiv-french-resitance-hiv-2/","FALSE","Hiv-2"
"210","210","","Mutationsassociatedwithresistance","FALSE","Hiv-2"
"211","211","Lenacapavir","N73D","FALSE","Hiv-2"
"212","212","Lenacapavir","L56I","FALSE","Capsid inhibitors"
"213","213","Lenacapavir","M66I","FALSE","Capsid inhibitors"
"214","214","Lenacapavir","Q67H/K/N","FALSE","Capsid inhibitors"
"215","215","Lenacapavir","K70H/N/R/S","FALSE","Capsid inhibitors"
"216","216","Lenacapavir","N74D/H/K/S","FALSE","Capsid inhibitors"
"217","217","Lenacapavir","A105T/S","FALSE","Capsid inhibitors"
"218","218","Lenacapavir","T107C/N","FALSE","Capsid inhibitors"
